target,fts_mra_tempmz_LR_reg_sam
basalt,0.2662807479510176
carbonate,0.22280366803072688
chloride,0.2656633099353952
iron_oxide,0.36988176827992136
oxalate,0.004075935174112086
oxychlorine,0.2650849136497119
phyllosilicate,0.4180168075888834
silicate,0.3184531625975847
sulfate,0.3157321543448069
sulfide,0.14041173894467246
