target,fts_mra_tempmz_XGB_opt_sam
basalt,0.16552232087398228
carbonate,0.10065698844165649
chloride,0.1722621161989884
iron_oxide,0.21592577050077977
oxalate,0.015662875988292753
oxychlorine,0.1487219764679822
phyllosilicate,0.2366339684372515
silicate,0.19435745274098348
sulfate,0.18818241591658805
sulfide,0.08159660489079484
