target,fts_mra_tempmz_LR_reg_tr
basalt,0.2767826059088304
carbonate,0.26125450039338877
chloride,0.28429799603250216
iron_oxide,0.38246993360871934
oxalate,0.004059239489521142
oxychlorine,0.29915009827872885
phyllosilicate,0.4074758334090677
silicate,0.3516847439265464
sulfate,0.3447188328713945
sulfide,0.14713584783404265
