target,fts_mra_tempmz_XGB_imb_trV
basalt,0.1291900529147129
carbonate,0.12426520511368926
chloride,0.20757694278288244
iron_oxide,0.31158632715987583
oxalate,0.003473976452567904
oxychlorine,0.16717607796401956
phyllosilicate,0.2639012425091378
silicate,0.15146264343529642
sulfate,0.20197691289773972
sulfide,0.08093846793709253
