target,fts_mra_tempmz_cntpk_mratt_slope_XGB_opt_samV
basalt,0.13634168934853128
carbonate,0.6312528250273317
chloride,0.4350353624904528
iron_oxide,1.6354947932219754
oxalate,0.6154805905631898
oxychlorine,1.5235494990677882
phyllosilicate,0.6239146307731668
silicate,0.07768827960050355
sulfate,1.0828428090705227
sulfide,0.0546591678673091
