target,fts_peak_widths_XGB_opt_tr_sfm
basalt,0.2383828171754525
carbonate,0.18889304304162086
chloride,0.2667375802746641
iron_oxide,0.3418969978527541
oxalate,0.04647222962715143
oxychlorine,0.27234344141625766
phyllosilicate,0.35867775287531484
silicate,0.28724431545417217
sulfate,0.311164347173038
sulfide,0.0898685544631547
