target,fts_mra_tempmz_XGB_tr
basalt,0.22565078102787242
carbonate,0.13225618815649615
chloride,0.22720553328986837
iron_oxide,0.254578396456081
oxalate,0.027906252811262605
oxychlorine,0.20850854126821824
phyllosilicate,0.29730870486992084
silicate,0.2575651139000811
sulfate,0.2245971262183839
sulfide,0.07831794841140914
