target,fts_mra_tempmz_XGB_opt_trvl
basalt,0.16030390276618628
carbonate,0.09299784144611556
chloride,0.17099937928281922
iron_oxide,0.2110446946926557
oxalate,0.016176140634807434
oxychlorine,0.15975673521358977
phyllosilicate,0.2392929120695717
silicate,0.18674152896437207
sulfate,0.17355651791774612
sulfide,0.08166643602891402
