target,fts_mra_tempmz_cntpk_mratt_XGB_opt_tr
basalt,0.1924922167996091
carbonate,0.132527287216326
chloride,0.20359689528389113
iron_oxide,0.23375272305611042
oxalate,0.014098677979452792
oxychlorine,0.15998379941926272
phyllosilicate,0.23661941528091018
silicate,0.2217797485195238
sulfate,0.2077837410668703
sulfide,0.07034819583385539
