target,fts_mra_tempmz_cntpk_mratt_slope_XGB_opt_sam
basalt,0.15250000299396274
carbonate,0.09572826346792138
chloride,0.18051725871230023
iron_oxide,0.21367919313732658
oxalate,0.01981891712820607
oxychlorine,0.13096924760651812
phyllosilicate,0.2231438203812835
silicate,0.18697953113468602
sulfate,0.18209890991031188
sulfide,0.06905400282226645
