target,fts_mra_tempmz_cntpk_mratt_slope_spectra_XGB_opt_trV
basalt,0.12755466739324464
carbonate,0.11100018185459287
chloride,0.17482830778140981
iron_oxide,0.27891858436052813
oxalate,0.01656130027882564
oxychlorine,0.14497248129760243
phyllosilicate,0.2335698383342977
silicate,0.16731749935418927
sulfate,0.21824031680386907
sulfide,0.06451768592677838
