target,fts_range_abun_to_temp_XGB_opt_tr
basalt,0.21773357994343634
carbonate,0.13297557350547412
chloride,0.20328190076836977
iron_oxide,0.24859256185105422
oxalate,0.025575726731949168
oxychlorine,0.18790812405290275
phyllosilicate,0.28636247831569356
silicate,0.2524292166081186
sulfate,0.233223894477383
sulfide,0.07489581469864418
