target,fts_mzstats_sm_XGB_opt_tr
basalt,0.2052770109610697
carbonate,0.16240087533388461
chloride,0.22608943336853113
iron_oxide,0.3061598673683583
oxalate,0.030289718454563998
oxychlorine,0.22935159198490568
phyllosilicate,0.3025173991009403
silicate,0.2623182619450005
sulfate,0.23368081117297282
sulfide,0.07930905673501022
