target,fts_mra_tempmz_slope_XGB_opt_trV
basalt,0.1225689285893292
carbonate,0.09735260132395061
chloride,0.18746517334390056
iron_oxide,0.30114993393149403
oxalate,0.010861938654201951
oxychlorine,0.14823424577579514
phyllosilicate,0.24564219690714692
silicate,0.14890519019956114
sulfate,0.20770438275090974
sulfide,0.07116427531433307
