target,fts_mra_tempmz_slope_cntpk_spectra_XGB_opt_trV
basalt,0.13691745806026906
carbonate,0.07816155263502468
chloride,0.19733873965399842
iron_oxide,0.29706981732969334
oxalate,0.016073081757612653
oxychlorine,0.14981057064817527
phyllosilicate,0.25431888420198356
silicate,0.14969803364200474
sulfate,0.23678444101437035
sulfide,0.07105307304022243
