target,fts_mra_tempmz_cntpk_mratt_slope_XGB_opt_tr
basalt,0.1912620650937848
carbonate,0.13287669390001483
chloride,0.20411509588826865
iron_oxide,0.23480930926304056
oxalate,0.014098677979452792
oxychlorine,0.1631446867492982
phyllosilicate,0.23688540364070665
silicate,0.22515079506276506
sulfate,0.2058558870538758
sulfide,0.0707029973643767
