target,fts_mra_tempmz_corrmz4_XGB_opt_tr
basalt,0.19573541704147984
carbonate,0.12176523662105179
chloride,0.20909655486888004
iron_oxide,0.23456623876007296
oxalate,0.02914735801623377
oxychlorine,0.1990944024691894
phyllosilicate,0.2604064101873417
silicate,0.23292601959797682
sulfate,0.2019779232552937
sulfide,0.08141234674299039
