target,fts_mra_tempmz_slope_cntpk_spectra_XGB_opt_tr_sfm
basalt,0.17286991652415234
carbonate,0.12078920423540648
chloride,0.21035155818275805
iron_oxide,0.21442089720715055
oxalate,0.026209338907750724
oxychlorine,0.18189530435036705
phyllosilicate,0.2473563041951501
silicate,0.23168390722993198
sulfate,0.1981808684348574
sulfide,0.06685308947134834
