target,fts_mra_tempmz_corrmz4_XGB_opt_sam
basalt,0.1775668976627037
carbonate,0.1090277335405209
chloride,0.22753940950473361
iron_oxide,0.2368424618561474
oxalate,0.02146254027788548
oxychlorine,0.1831840086751842
phyllosilicate,0.282680152881623
silicate,0.22984177758026533
sulfate,0.20016892394821237
sulfide,0.07398937313450733
