target,fts_mra_tempmz_corrmz4_XGB_opt_trV
basalt,0.14670245259453513
carbonate,0.09582790666944808
chloride,0.20188303131915297
iron_oxide,0.3065132136761017
oxalate,0.012850027554430094
oxychlorine,0.15333787458805756
phyllosilicate,0.24786557637889306
silicate,0.15028823012149967
sulfate,0.21775449716319956
sulfide,0.07488316988742134
