target,fts_mra_tempmz_cntpk_mratt_slope_corrmz4_XGB_opt_samV
basalt,0.1235486157044458
carbonate,0.6041412331784765
chloride,0.43880756106227636
iron_oxide,1.6958535393544782
oxalate,0.6154805905631898
oxychlorine,1.6233932795391108
phyllosilicate,0.6882477663457394
silicate,0.07873705056651185
sulfate,1.138981588029613
sulfide,0.05309089494403452
