target,fts_mra_tempmz_LR_reg_trV
basalt,0.3246934426851412
carbonate,0.34539472382455544
chloride,0.2461922699792707
iron_oxide,0.41823338279314093
oxalate,0.007415226945735278
oxychlorine,0.25044439020352893
phyllosilicate,0.4481045215174867
silicate,0.29508002743979483
sulfate,0.3071802135458295
sulfide,0.09007546859950817
