target,fts_mra_tempmz_cntpk_mratt_slope_corrmz4_XGB_opt_tr
basalt,0.19080475062958427
carbonate,0.1338943615483173
chloride,0.20307735654628645
iron_oxide,0.23714368755908125
oxalate,0.014098677979452792
oxychlorine,0.1630626381425514
phyllosilicate,0.23074669666698394
silicate,0.2250527980510774
sulfate,0.2092526701407833
sulfide,0.07155264699912571
