target,fts_mzstats_sm_XGB_opt_trV
basalt,0.17799111766861467
carbonate,0.1346437979234087
chloride,0.25286168378258106
iron_oxide,0.3236310513055988
oxalate,0.011305934558431825
oxychlorine,0.24722932472724926
phyllosilicate,0.3063119497955157
silicate,0.2420012288730442
sulfate,0.2225961813279237
sulfide,0.11122475114731284
