target,fts_mra_tempmz_cntpk_mratt_XGB_opt_sam
basalt,0.15096465247972454
carbonate,0.09439660725370508
chloride,0.1764521426370227
iron_oxide,0.21167619768335144
oxalate,0.01981891712820607
oxychlorine,0.13339624462891334
phyllosilicate,0.22773173766975266
silicate,0.1965089249029453
sulfate,0.18260838787465694
sulfide,0.06769939057681848
