target,fts_mra_tempmz_cntpk_mratt_XGB_opt_trV
basalt,0.1319225332236836
carbonate,0.12286117954820128
chloride,0.18322667508976495
iron_oxide,0.28310127431564924
oxalate,0.01649840348046559
oxychlorine,0.14093303437159577
phyllosilicate,0.2244387489867495
silicate,0.17109208925942646
sulfate,0.24223492256923557
sulfide,0.06544679776370468
