target,ens_spectraV
basalt,0.12755466739324464
carbonate,0.09322761537375265
chloride,0.17482830778140981
iron_oxide,0.27891858436052813
oxalate,0.000939067883357373
oxychlorine,0.1559063228651398
phyllosilicate,0.23091390884263638
silicate,0.16731749935418927
sulfate,0.21824031680386907
sulfide,0.06451768592677838
