target,ens_spectraV
basalt,0.009153506742613931
carbonate,0.008549113026736686
chloride,0.010820155670276745
iron_oxide,0.0178565769629162
oxalate,0.000939067883357373
oxychlorine,0.010297697709131122
phyllosilicate,0.016701461115546854
silicate,0.011685705435010938
sulfate,0.012120110015170299
sulfide,0.00442311057470081
