target,ens_0097386_trV
basalt,0.13094865046612403
carbonate,0.09093068894056722
chloride,0.18340701731172177
iron_oxide,0.28310127431564924
oxalate,0.007415226945735278
oxychlorine,0.14968067351128722
phyllosilicate,0.2307576139345479
silicate,0.15213770120553258
sulfate,0.2393983015250224
sulfide,0.06544679776370468
