target,ens_2V
basalt,0.11840654639254344
carbonate,0.1771306441490242
chloride,0.2372944708484457
iron_oxide,0.30114993373308474
oxalate,0.0009390678833573559
oxychlorine,0.14727275088179248
phyllosilicate,0.25410422294648916
silicate,0.16274793309342409
sulfate,0.20770438182227657
sulfide,0.0725375381586451
