target,ens_0097V
basalt,0.009510414091609546
carbonate,0.003081281594226088
chloride,0.011158539986900617
iron_oxide,0.0178565769629162
oxalate,0.000939067883357373
oxychlorine,0.010267096337204348
phyllosilicate,0.01686327602061103
silicate,0.010902846098357793
sulfate,0.012386528875817046
sulfide,0.004421138355616519
