target,ens_010254V
basalt,0.13630146995097805
carbonate,0.11408863208572931
chloride,0.192937556498862
iron_oxide,0.28310127431564924
oxalate,0.007415226945735278
oxychlorine,0.14093303437159577
phyllosilicate,0.2335698383342977
silicate,0.17306364923791082
sulfate,0.21562710335758695
sulfide,0.06540122062842753
