target,final_model_3a_VLV
basalt,0.008720396609571331
carbonate,0.008870891108230873
chloride,0.011614666250972407
iron_oxide,0.01692991696748836
oxalate,0.0009390678833573559
oxychlorine,0.00947583622047798
phyllosilicate,0.015054198430896771
silicate,0.011393346977987695
sulfate,0.010251306024125878
sulfide,0.006156516144067798
