target,final_model_1V
basalt,0.00951041448284981
carbonate,0.00308128202080038
chloride,0.011196690868784644
iron_oxide,0.01785657583358407
oxalate,0.0009390678833573722
oxychlorine,0.01026709429108819
phyllosilicate,0.017172627088717855
silicate,0.010902846078435117
sulfate,0.011889143588288744
sulfide,0.004421138878956514
