target,final_model_6_TRVLVV
basalt,0.008579725550538753
carbonate,0.007317848661956653
chloride,0.009851226666806717
iron_oxide,0.01447514486437359
oxalate,0.0015316192176168728
oxychlorine,0.009002363972329066
phyllosilicate,0.014233037668521329
silicate,0.010193293065762415
sulfate,0.010165027610921095
sulfide,0.00409612158839285
