target,final_model_3V
basalt,0.009160484011023179
carbonate,0.20425577834853464
chloride,0.021093651333978985
iron_oxide,0.01974696922424867
oxalate,0.0009390678833573559
oxychlorine,0.010446391523274498
phyllosilicate,0.014831439844362766
silicate,0.012350329182328451
sulfate,0.011957652305735797
sulfide,0.004179024851229868
