target,final_model_2V
basalt,0.008720396609571331
carbonate,0.003081282020800381
chloride,0.011614666250972407
iron_oxide,0.017863709120228968
oxalate,0.0009390678833573559
oxychlorine,0.011105397991764757
phyllosilicate,0.016890814063325967
silicate,0.010902846078435117
sulfate,0.010251306024125878
sulfide,0.006156516144067798
