target,final_model_2V
basalt,0.008720396609571331
carbonate,0.00308128202080038
chloride,0.011614666250972409
iron_oxide,0.017863709120228968
oxalate,0.0009390678833573722
oxychlorine,0.011105397991764758
phyllosilicate,0.016890814063325963
silicate,0.010902846078435117
sulfate,0.010251306024125878
sulfide,0.006156516144067798
