target,final_model_4_TRCVV
basalt,0.009160484011023179
carbonate,0.20425577834853462
chloride,0.02109365133397899
iron_oxide,0.01974696922424867
oxalate,0.0009390678833573722
oxychlorine,0.010446391523274498
phyllosilicate,0.014831439844362766
silicate,0.01235032918232845
sulfate,0.011957652305735795
sulfide,0.004179024851229869
