target,final_model_3_VLV
basalt,0.008720396609571331
carbonate,0.00887089110823087
chloride,0.011614666250972409
iron_oxide,0.01692991696748836
oxalate,0.0021836159739019247
oxychlorine,0.009475836220477981
phyllosilicate,0.015054198430896771
silicate,0.011393346977987695
sulfate,0.010251306024125878
sulfide,0.006156516144067798
