target,final_model_5_TRVLCVV
basalt,0.00954707756331806
carbonate,0.20425577834853464
chloride,0.011313352304289226
iron_oxide,0.016673400240014385
oxalate,0.0009390678833573559
oxychlorine,0.010297697969857965
phyllosilicate,0.015054198430896771
silicate,0.011692011159213443
sulfate,0.010165027610921095
sulfide,0.0042201717275947995
