target,fts_corr_mz4_XGB_opt_trvl_sfm
basalt,0.31049689334866915
carbonate,0.2599257458902334
chloride,0.3083930807562266
iron_oxide,0.39713112572612624
oxalate,0.09205438700382067
oxychlorine,0.3864065647579128
phyllosilicate,0.45667158218101084
silicate,0.34444811624697247
sulfate,0.3448807671265072
sulfide,0.09590613260185861
