target,fts_mra_tempmz_cntpk_mratt_XGB_opt_trvl
basalt,0.149506445732897
carbonate,0.09088689690266501
chloride,0.17704837500138534
iron_oxide,0.204917801303921
oxalate,0.012528476999312288
oxychlorine,0.13957268259351077
phyllosilicate,0.23001821593076777
silicate,0.1911780721258547
sulfate,0.17543521427942546
sulfide,0.07082049059542536
