target,fts_mra_tempmz_XGB_opt_trvl_sfm
basalt,0.16030390276618628
carbonate,0.08947652750901838
chloride,0.17099937928281922
iron_oxide,0.2110446946926557
oxalate,0.01410260935800057
oxychlorine,0.15975673521358977
phyllosilicate,0.2392929120695717
silicate,0.18674152896437207
sulfate,0.17355651791774612
sulfide,0.08166643602891402
