target,fts_mra_tempmz_slope_lrcorrmz4_XGB_opt_tr_sfm_V
basalt,0.13272693779624667
carbonate,0.09281709222178652
chloride,0.19375311164423797
iron_oxide,0.3074771713015684
oxalate,0.010861938654201951
oxychlorine,0.1468733250498835
phyllosilicate,0.2569959624722098
silicate,0.15028823012149967
sulfate,0.2052789626723718
sulfide,0.07375768381000081
