target,fts_mra_tempmz_XGB_opt_samV
basalt,0.18466989893931895
carbonate,0.8703059872689968
chloride,0.535312489218389
iron_oxide,1.5532101345791791
oxalate,0.5937497949926183
oxychlorine,1.740722543967422
phyllosilicate,0.9179453620066246
silicate,0.023987778190833826
sulfate,0.8518309253267944
sulfide,0.1346225260058418
