target,fts_mra_tempmz_slope_cntpk_spectra_mzstats_XGB_opt_trvl_sfm_V
basalt,0.008720396445951276
carbonate,0.00741084952184727
chloride,0.010202183753908405
iron_oxide,0.015294065812218031
oxalate,0.001993685866008376
oxychlorine,0.009318544622749064
phyllosilicate,0.014831440210971766
silicate,0.01066585356364052
sulfate,0.010356285924182524
sulfide,0.004179025968217288
