target,fts_mra_tempmz_LR_reg_samV
basalt,0.02104444686338335
carbonate,1.2243658116724079
chloride,0.7550058283287432
iron_oxide,1.4457871714425121
oxalate,0.6104187039471766
oxychlorine,3.496337605741649
phyllosilicate,1.8846679392402297
silicate,0.019949638457524368
sulfate,3.742666509405344
sulfide,0.47079023828755423
