target,fts_cntpk_mratt_XGB_opt_trvl_sfm_V
basalt,0.02030668209176574
carbonate,0.02883369052177136
chloride,0.02188889808462513
iron_oxide,0.04446663952821154
oxalate,0.0021092464392265756
oxychlorine,0.024880219809949373
phyllosilicate,0.039988182080629896
silicate,0.029811701382535794
sulfate,0.02619134317471649
sulfide,0.0061565156862753165
