target,fts_mra_tempmz_cntpk_mratt_slope_spectra_XGB_opt_trvl
basalt,0.14454150217684264
carbonate,0.08635449306652845
chloride,0.1692469494765426
iron_oxide,0.2092332869874621
oxalate,0.012537570247599838
oxychlorine,0.1408598591270323
phyllosilicate,0.2291803502641357
silicate,0.18686892932007956
sulfate,0.17470823987189277
sulfide,0.06963498027163063
