target,fts_mz_maxabun_XGB_opt_trvl_sfm_V
basalt,0.01820680153804097
carbonate,0.013335756114711857
chloride,0.021093650121852093
iron_oxide,0.039828663713731026
oxalate,0.0021836101094383185
oxychlorine,0.020643225261733355
phyllosilicate,0.04586115803326394
silicate,0.024086795976336207
sulfate,0.018115374085027725
sulfide,0.006488583752338746
