target,fts_mz_maxabun_XGB_opt_trvl_sfm
basalt,0.18046363339157617
carbonate,0.11384340399552931
chloride,0.18790551191367594
iron_oxide,0.25897727547748545
oxalate,0.010566087577575727
oxychlorine,0.1906150576619041
phyllosilicate,0.30624121240781677
silicate,0.23938581633886327
sulfate,0.21097211199200702
sulfide,0.08492859743746803
