target,fts_mass_loss_tempb_XGB_opt_trvlV
basalt,0.1697277971297032
carbonate,0.296367632705518
chloride,0.23909972785215558
iron_oxide,0.3035296152390336
oxalate,0.0661344370526999
oxychlorine,0.4889890573908489
phyllosilicate,0.4245118705385743
silicate,0.23682011674800346
sulfate,0.5484868806926693
sulfide,0.146304132569416
