target,fts_mra_tempmz_slope_topmz_XGB_opt_trvl_sfm_V
basalt,0.010058144721919321
carbonate,0.20425577933777683
chloride,0.011673364963314142
iron_oxide,0.020098584507625396
oxalate,0.0017445096014021442
oxychlorine,0.011105398390817206
phyllosilicate,0.01984432202512748
silicate,0.012220122383783474
sulfate,0.018318886194400388
sulfide,0.005324931285338502
