target,fts_lr_corr_mz4_XGB_opt_tr_sfm
basalt,0.38610230168889154
carbonate,0.41575984357138784
chloride,0.40098781673500594
iron_oxide,0.5430353852007372
oxalate,0.17066838002340917
oxychlorine,0.5861516498698282
phyllosilicate,0.6778907809208541
silicate,0.4290859886468022
sulfate,0.5275066075893023
sulfide,0.1965614106326274
