target,fts_mra_tempmz_LR_reg_tr
basalt,0.27678260590883075
carbonate,0.2612545003933846
chloride,0.2842979960325033
iron_oxide,0.3824699336087238
oxalate,0.004059239489520996
oxychlorine,0.2991500982787292
phyllosilicate,0.4074758334090647
silicate,0.35168474392654814
sulfate,0.34471883287139204
sulfide,0.14713584783404984
