target,fts_mra_tempmz_cntpk_mratt_slope_spectra_XGB_opt_tr_sfm
basalt,0.14787643638480896
carbonate,0.12361431972609915
chloride,0.17835871351192956
iron_oxide,0.23414320543591255
oxalate,0.014486072301787317
oxychlorine,0.1588819542286757
phyllosilicate,0.23647077978903233
silicate,0.18902406531295024
sulfate,0.20727511739910104
sulfide,0.05748256855398783
