target,fts_topmz_XGB_opt_trV
basalt,0.4194411066624593
carbonate,0.40784011662019093
chloride,0.6023772633793436
iron_oxide,0.729924964963271
oxalate,0.2908580356536579
oxychlorine,0.7832935146698188
phyllosilicate,0.9709095552646311
silicate,0.46172725737616166
sulfate,0.5766624820135763
sulfide,0.20206251610292966
