target,fts_mra_tempmz_cntpk_XGB_opt_tr_sfm
basalt,0.18704272767836977
carbonate,0.11439669561811269
chloride,0.19970006578672042
iron_oxide,0.2274365654065938
oxalate,0.014416813823819477
oxychlorine,0.14361244227110112
phyllosilicate,0.2301091221705625
silicate,0.22131784058940215
sulfate,0.20292184964899268
sulfide,0.06679509469674472
