target,fts_mra_tempmz_slope_cntpk_XGB_opt_trV
basalt,0.19046774938537298
carbonate,0.11500052734414822
chloride,0.22878869645454072
iron_oxide,0.3313482166657307
oxalate,0.007442593783713916
oxychlorine,0.19748226449023867
phyllosilicate,0.28392006155364086
silicate,0.15129714608573872
sulfate,0.281742043043455
sulfide,0.20267046284432755
