target,fts_mra_tempmz_slope_cntpk_mzstats_XGB_opt_trvl_sfm
basalt,0.1589748413446514
carbonate,0.09342554874874925
chloride,0.17711471315109534
iron_oxide,0.20785629744921694
oxalate,0.015188384770248578
oxychlorine,0.1530579552308997
phyllosilicate,0.23557928235382106
silicate,0.20160631738144147
sulfate,0.16645063210420163
sulfide,0.06726218127117341
