target,fts_corr_mz4_XGB_opt_trvlV
basalt,0.02017704507776253
carbonate,0.023403281046978735
chloride,0.028739111941806818
iron_oxide,0.04406190705056534
oxalate,0.0076585876006067255
oxychlorine,0.03567641161528413
phyllosilicate,0.05287103078076966
silicate,0.027186660213656597
sulfate,0.03611814511269204
sulfide,0.00536138655553467
