target,fts_mra_tempmz_cntpk_mratt_XGB_opt_samV
basalt,0.11069012328516692
carbonate,0.6777403586505292
chloride,0.45816111533592146
iron_oxide,1.681420690418842
oxalate,0.6154805905631898
oxychlorine,1.561746704877199
phyllosilicate,0.6232705833390355
silicate,0.10599347886939843
sulfate,1.039196392443652
sulfide,0.055083830666262656
