target,fts_mra_tempmz_XGB_opt_samV
basalt,0.3160227756986084
carbonate,0.6920186376276737
chloride,0.4421984931298842
iron_oxide,1.775927467776152
oxalate,0.5916158961287389
oxychlorine,1.5122485615429468
phyllosilicate,0.6884386741245786
silicate,0.029126709094271064
sulfate,1.175000511187439
sulfide,0.12100709842828412
