target,fts_mra_tempmz_slope_cntpk_mzstats_XGB_opt_trvl_sfm_V
basalt,0.008637802029916947
carbonate,0.007317847288777868
chloride,0.009851227292740152
iron_oxide,0.015790117567614892
oxalate,0.001993685866008376
oxychlorine,0.009288118661694393
phyllosilicate,0.014764128577078569
silicate,0.01049599206073483
sulfate,0.01048247585587248
sulfide,0.004213361830133532
