target,fts_topmz_XGB_opt_trvl
basalt,0.3283627382749256
carbonate,0.2595652153531036
chloride,0.3354809926127281
iron_oxide,0.4815336912605569
oxalate,0.03757013368356028
oxychlorine,0.37734745783262336
phyllosilicate,0.5410093687938088
silicate,0.33233403409520157
sulfate,0.4257098064224193
sulfide,0.170287957495146
