target,fts_mra_tempmz_slope_cntpk_spectra_XGB_opt_trvl_sfm_V
basalt,0.009153506742613931
carbonate,0.00863889721261954
chloride,0.010809761099557077
iron_oxide,0.017863710487576092
oxalate,0.002261392585257761
oxychlorine,0.010246350164938425
phyllosilicate,0.016972443339599252
silicate,0.011672949380282656
sulfate,0.01165136125704763
sulfide,0.00442311057470081
