target,fts_range_abun_to_temp_XGB_opt_tr
basalt,0.20889998844896987
carbonate,0.1345570790091733
chloride,0.21107801545434884
iron_oxide,0.2579356809837416
oxalate,0.024436258618646945
oxychlorine,0.18790611290852416
phyllosilicate,0.27847031184215276
silicate,0.25446846937888007
sulfate,0.24318406384552899
sulfide,0.07449835172341078
