target,fts_mra_tempmz_slope_cntpk_spectra_range_XGB_opt_trvl_sfm_V
basalt,0.008581439942819203
carbonate,0.00800368196546313
chloride,0.010073023483096764
iron_oxide,0.01667340154085728
oxalate,0.001994280052194912
oxychlorine,0.009475837673224293
phyllosilicate,0.01505419775826138
silicate,0.011230422847994853
sulfate,0.01097701122243682
sulfide,0.004310546821414782
