target,fts_corr_mz4_XGB_opt_trvl
basalt,0.31049689334866915
carbonate,0.268192805329645
chloride,0.3097545604587912
iron_oxide,0.40397799317828553
oxalate,0.09524512113165487
oxychlorine,0.3864065647579128
phyllosilicate,0.4437171378604476
silicate,0.3512839055119815
sulfate,0.34681812767709436
sulfide,0.09590613260185861
