target,fts_mra_tempmz_XGB_opt_sam
basalt,0.17924398684568946
carbonate,0.10993724536029581
chloride,0.22212286300029152
iron_oxide,0.23672941375515838
oxalate,0.02140346395410189
oxychlorine,0.181153340392503
phyllosilicate,0.27940907260398745
silicate,0.23079791513441555
sulfate,0.20232484789999208
sulfide,0.07308616855306951
