target,fts_mz_maxabun_XGB_opt_tr
basalt,0.23335908584931936
carbonate,0.13762297206338067
chloride,0.1915109891184221
iron_oxide,0.2776471223992062
oxalate,0.018707248684752237
oxychlorine,0.2095678803312211
phyllosilicate,0.3024789016892405
silicate,0.25596164640189245
sulfate,0.26322047477791066
sulfide,0.10274598003731712
