target,fts_mra_tempmz_slope_spectra_mzstats_XGB_opt_trvl_sfm
basalt,0.15814425951794808
carbonate,0.09381180911156153
chloride,0.18787382074599795
iron_oxide,0.20521285038817655
oxalate,0.02032871274023243
oxychlorine,0.15949349330808477
phyllosilicate,0.2337721418421749
silicate,0.2123281241825996
sulfate,0.16205843085861943
sulfide,0.07645912521409465
