target,fts_mzstats_XGB_opt_trV
basalt,0.1494202807234956
carbonate,0.14123979939005588
chloride,0.23729447129285028
iron_oxide,0.29118694883092616
oxalate,0.02030901295755141
oxychlorine,0.2341831521470411
phyllosilicate,0.31298284636653084
silicate,0.18175631684649246
sulfate,0.20326112803217158
sulfide,0.05957686372376254
