target,fts_mass_loss_tempb_XGB_opt_trvl
basalt,0.24194007131355524
carbonate,0.1834005854360869
chloride,0.2865547033156357
iron_oxide,0.32598557867651373
oxalate,0.03758490183657397
oxychlorine,0.2686542032091066
phyllosilicate,0.375123380024479
silicate,0.2575608501027515
sulfate,0.2636148682416043
sulfide,0.12624300190905766
