target,fts_peak_widths_XGB_opt_trvl
basalt,0.2162878699320479
carbonate,0.18370868868898346
chloride,0.2536795077055326
iron_oxide,0.30192502298173546
oxalate,0.031316863438894026
oxychlorine,0.2234699302683572
phyllosilicate,0.3342183328391892
silicate,0.25381850857310295
sulfate,0.2671561480088543
sulfide,0.08532650848948614
