target,fts_mra_tempmz_slope_cntpk_XGB_opt_tr_sfm
basalt,0.17757389033063958
carbonate,0.11439669561811269
chloride,0.20448150875591464
iron_oxide,0.23024298624836873
oxalate,0.014416813823819477
oxychlorine,0.1387994006975498
phyllosilicate,0.2301091221705625
silicate,0.22131784058940215
sulfate,0.19973377324912095
sulfide,0.06679509469674472
