target,fts_mra_tempmz_slope_mzstats_XGB_opt_trvl_sfm_V
basalt,0.008901119402628837
carbonate,0.007606243309620514
chloride,0.010815490843369005
iron_oxide,0.015532371441638193
oxalate,0.0019160984328363104
oxychlorine,0.009832918827712802
phyllosilicate,0.015739791010229914
silicate,0.010905375074811357
sulfate,0.010429371831344231
sulfide,0.004388643110428425
