target,fts_mra_tempmz_slope_topmz_XGB_opt_tr_sfm
basalt,0.19294983363239054
carbonate,0.10205537711002052
chloride,0.20149437411704701
iron_oxide,0.22180374542228193
oxalate,0.026185659936633056
oxychlorine,0.1811079540110939
phyllosilicate,0.24788858308801393
silicate,0.23494540718404178
sulfate,0.18913784902882905
sulfide,0.0685494066944443
