target,fts_cntpk_mratt_XGB_opt_trvlV
basalt,0.02030668209176574
carbonate,0.02883369052177136
chloride,0.02245681370912857
iron_oxide,0.04446663952821154
oxalate,0.002194142228933274
oxychlorine,0.024880219809949373
phyllosilicate,0.04086535549945112
silicate,0.031998398411802874
sulfate,0.026816263301027845
sulfide,0.0061565156862753165
