target,fts_mra_tempmz_slope_spectra_XGB_opt_tr_sfm_V
basalt,0.13691745806026906
carbonate,0.08214337200779824
chloride,0.18885969582058285
iron_oxide,0.29706981732969334
oxalate,0.016073081757612653
oxychlorine,0.14981057064817527
phyllosilicate,0.24901273165020532
silicate,0.14969803364200474
sulfate,0.23678444101437035
sulfide,0.07160584203328352
