target,fts_mra_tempmz_corrmz4_XGB_opt_samV
basalt,0.15484422406492135
carbonate,0.8584329400133962
chloride,0.5096358426380903
iron_oxide,1.5050216764211655
oxalate,0.5937497949926183
oxychlorine,1.690158516576048
phyllosilicate,0.9696296335508426
silicate,0.027038443367928267
sulfate,0.9575802944600582
sulfide,0.12003861737321131
