target,fts_mra_tempmz_slope_mzstats_XGB_opt_trvl_sfm
basalt,0.1603391937710948
carbonate,0.08834053869179552
chloride,0.19109202732379377
iron_oxide,0.20641439681369617
oxalate,0.02005701470848588
oxychlorine,0.15703757969503512
phyllosilicate,0.23446726091183168
silicate,0.20702172929899648
sulfate,0.1650426921636142
sulfide,0.07732374901458094
