target,fts_mra_tempmz_slope_cntpk_spectra_mzstats_XGB_opt_tr_sfm
basalt,0.174869234800382
carbonate,0.13448079886270395
chloride,0.204864020636001
iron_oxide,0.2372882780571799
oxalate,0.014823959679410841
oxychlorine,0.17906659570949138
phyllosilicate,0.2235561846987301
silicate,0.23278070269877635
sulfate,0.18997351929001483
sulfide,0.06116190967405063
