target,fts_mra_tempmz_XGB_opt_trV
basalt,0.1246931790564934
carbonate,0.09322761537375265
chloride,0.18412759373343546
iron_oxide,0.3013673594703027
oxalate,0.010861938654201951
oxychlorine,0.14884870966781985
phyllosilicate,0.24399455365209932
silicate,0.15213770120553258
sulfate,0.2082825525357458
sulfide,0.07107370355068754
