target,fts_mra_tempmz_slope_cntpk_topmz_XGB_opt_tr_sfm_V
basalt,0.12617882231346558
carbonate,0.1771306436434992
chloride,0.22041307683277608
iron_oxide,0.27913267575021605
oxalate,0.01585985367852279
oxychlorine,0.1472727519981706
phyllosilicate,0.2304661207301574
silicate,0.1555550779424983
sulfate,0.251343023960094
sulfide,0.072326641118173
