target,fts_mra_tempmz_XGB_imb_tr
basalt,0.18752775843436967
carbonate,0.1369757708466774
chloride,0.2110671958586793
iron_oxide,0.23931094135289016
oxalate,0.03016818033010642
oxychlorine,0.20416312731536052
phyllosilicate,0.2735895896631739
silicate,0.2500001678494501
sulfate,0.20820211363750518
sulfide,0.09040638503007178
