target,fts_mra_tempmz_XGB_hp_tr
basalt,0.21556715615321606
carbonate,0.15869055640202917
chloride,0.23177715236735189
iron_oxide,0.27814338989382364
oxalate,0.035446754435272426
oxychlorine,0.21766076419077257
phyllosilicate,0.30038491091757796
silicate,0.26208543122649924
sulfate,0.24533812430845123
sulfide,0.09545659002315149
