target,fts_instr_XGB_opt_trV
basalt,0.33857486201227727
carbonate,0.3662139409231244
chloride,0.3927919589008487
iron_oxide,0.5207075313903365
oxalate,0.1819259346345179
oxychlorine,0.5099781071163282
phyllosilicate,0.6428411385305098
silicate,0.37343992760767303
sulfate,0.5168123928760099
sulfide,0.18166898216403793
