target,fts_mra_tempmz_XGB_hp_trV
basalt,0.17197572047037069
carbonate,0.14867836926704583
chloride,0.2215997562537116
iron_oxide,0.33653747699137637
oxalate,0.0222288595477545
oxychlorine,0.19453528696995342
phyllosilicate,0.2880285885566432
silicate,0.21957257089329052
sulfate,0.25483135630157316
sulfide,0.08202509273879816
