target,fts_mra_tempmz_slope_cntpk_topmz_XGB_opt_trvl_sfm_V
basalt,0.009510414091609546
carbonate,0.1281299505975978
chloride,0.011196688865510104
iron_oxide,0.01836612500701697
oxalate,0.0022526420466125064
oxychlorine,0.010446392362476438
phyllosilicate,0.016890814610909504
silicate,0.012223309746890967
sulfate,0.015239668822507199
sulfide,0.004635200224087316
