target,fts_mra_tempmz_slope_XGB_opt_trvl_sfm
basalt,0.15822954859389657
carbonate,0.08848655216221153
chloride,0.17099937928281922
iron_oxide,0.20895015553738744
oxalate,0.014048544359103163
oxychlorine,0.1592565378764724
phyllosilicate,0.23498226628238306
silicate,0.18303740731909232
sulfate,0.17314897588602868
sulfide,0.08122502147563151
