target,fts_range_abun_to_temp_XGB_opt_trvl_sfm_V
basalt,0.009547078256684422
carbonate,0.00832440449523266
chloride,0.010658258569240887
iron_oxide,0.016929916842004646
oxalate,0.0015316238100783512
oxychlorine,0.00923586721431127
phyllosilicate,0.017752755510004128
silicate,0.012350330005500008
sulfate,0.011172541529424934
sulfide,0.005294470062162314
