target,fts_mra_tempmz_slope_cntpk_XGB_opt_tr_sfm
basalt,0.18534630647613312
carbonate,0.12326302236198088
chloride,0.21240639219530655
iron_oxide,0.22970648192192167
oxalate,0.014416813823819477
oxychlorine,0.15447688090203543
phyllosilicate,0.23354037227633856
silicate,0.2217797485195238
sulfate,0.20057121573241993
sulfide,0.06467707267884334
