target,fts_mz_maxabun_XGB_opt_trvl
basalt,0.18172299958577864
carbonate,0.11267361215362356
chloride,0.18364851557251421
iron_oxide,0.2624892150076618
oxalate,0.012282375499648703
oxychlorine,0.19212685104651822
phyllosilicate,0.30040320632914214
silicate,0.23938581633886327
sulfate,0.21701146716607805
sulfide,0.08492859743746803
