target,fts_mra_tempmz_maxabun_XGB_opt_trvl_sfm_V
basalt,0.010080728713667764
carbonate,0.008605220453033332
chloride,0.011525028441244348
iron_oxide,0.020211591185452002
oxalate,0.0017728868743989603
oxychlorine,0.010712455270562398
phyllosilicate,0.018099841225094483
silicate,0.011122386348505311
sulfate,0.011442200619840212
sulfide,0.005151054172883121
