target,fts_mra_tempmz_slope_cntpk_mzstats_width_XGB_opt_trvl_sfm_V
basalt,0.008583413146963858
carbonate,0.007521962126758293
chloride,0.009931400177703133
iron_oxide,0.014973124858300256
oxalate,0.0019584254786028897
oxychlorine,0.009002363748304902
phyllosilicate,0.014233037220701931
silicate,0.010272823056204517
sulfate,0.01025130636747704
sulfide,0.0040961224876809865
