target,fts_mra_tempmz_slope_lrcorrmz4_XGB_opt_trvl_sfm
basalt,0.15765353545408622
carbonate,0.08947157488595989
chloride,0.17006630018557164
iron_oxide,0.20479921244481408
oxalate,0.0141860501280003
oxychlorine,0.1591723919715132
phyllosilicate,0.2390627812683333
silicate,0.18223785789258223
sulfate,0.17159852417334429
sulfide,0.08392021312300998
