target,fts_mra_tempmz_slope_cntpk_spectra_mzstats_width_XGB_opt_trvl_sfm
basalt,0.1601207107698269
carbonate,0.09772428375588652
chloride,0.1843589007150761
iron_oxide,0.21637399317214712
oxalate,0.016002488779559374
oxychlorine,0.15979497376901453
phyllosilicate,0.2372839280965977
silicate,0.2054252182252955
sulfate,0.15954564817873113
sulfide,0.06414577324211247
