target,fts_peak_widths_XGB_opt_tr_sfm_V
basalt,0.2161031804181025
carbonate,0.23027149668069075
chloride,0.31922643948481466
iron_oxide,0.3378953516722495
oxalate,0.025418910979445857
oxychlorine,0.23081845469508994
phyllosilicate,0.324590591196473
silicate,0.2632264378639542
sulfate,0.3071227828871122
sulfide,0.08194616061568566
