target,fts_corr_mz4_XGB_opt_trvl
basalt,0.3815652269304555
carbonate,0.4068694097442286
chloride,0.39973341541885266
iron_oxide,0.5479680376115981
oxalate,0.17763620898091156
oxychlorine,0.5660489297386088
phyllosilicate,0.6606235909360894
silicate,0.4194427555821073
sulfate,0.5104753685936412
sulfide,0.19121980043002618
