target,fts_mra_tempmz_cntpk_mratt_slope_corrmz4_XGB_opt_trV
basalt,0.13284103082391233
carbonate,0.11524298983990014
chloride,0.19071967242668628
iron_oxide,0.28941859626457567
oxalate,0.01649840348046559
oxychlorine,0.1442979650958139
phyllosilicate,0.23091390884263638
silicate,0.16605950138212178
sulfate,0.24021569368987322
sulfide,0.06553409332177068
