target,fts_mzstats_XGB_opt_trvlV
basalt,0.010752736626958964
carbonate,0.008885650229624412
chloride,0.013689488601241476
iron_oxide,0.02033974870971051
oxalate,0.00200545906064215
oxychlorine,0.013510452605880886
phyllosilicate,0.019989648099222664
silicate,0.012166806592235704
sulfate,0.01224679856421267
sulfide,0.004644380833611127
