target,fts_mra_tempmz_cntpk_XGB_opt_trvl_sfm_V
basalt,0.009260366419679882
carbonate,0.008724715949156173
chloride,0.011196688865510104
iron_oxide,0.0178565769629162
oxalate,0.0022526420466125064
oxychlorine,0.010297697709131122
phyllosilicate,0.016820110869355524
silicate,0.011647431709709872
sulfate,0.011882124655028175
sulfide,0.004421138355616519
