target,fts_corr_mz4_XGB_opt_trV
basalt,0.293940769011034
carbonate,0.2916087228947863
chloride,0.35986318020964575
iron_oxide,0.46593803510788206
oxalate,0.1684437005044797
oxychlorine,0.3798487413755647
phyllosilicate,0.4735511625869003
silicate,0.3324218801526296
sulfate,0.36864392991962847
sulfide,0.07804730357506881
