target,fts_mra_tempmz_slope_cntpk_XGB_opt_trV
basalt,0.12594135161036302
carbonate,0.11710615162840972
chloride,0.17901278758237182
iron_oxide,0.28027582138740226
oxalate,0.01585985367852279
oxychlorine,0.1559063228651398
phyllosilicate,0.23267147481066425
silicate,0.17109208925942646
sulfate,0.2359587393463478
sulfide,0.06936074997999295
