target,fts_mra_tempmz_XGB_opt_tr
basalt,0.19665137401195665
carbonate,0.12102018407547
chloride,0.2043376334408594
iron_oxide,0.22611550844240597
oxalate,0.029272685140647313
oxychlorine,0.19420209851804687
phyllosilicate,0.25951556825253963
silicate,0.23317893970805786
sulfate,0.20317408057798922
sulfide,0.07880694186687044
