target,fts_mra_tempmz_maxabun_XGB_opt_trvl_sfm
basalt,0.15846904678660834
carbonate,0.08449542473791512
chloride,0.17324770261037353
iron_oxide,0.20250697736134343
oxalate,0.011588444663843463
oxychlorine,0.15008450312370333
phyllosilicate,0.23719647039476904
silicate,0.18701908659624797
sulfate,0.1642379715683402
sulfide,0.08109618679081029
