target,fts_mra_tempmz_XGB_opt_trV
basalt,0.13959459426241477
carbonate,0.0973891174027763
chloride,0.1999016550763704
iron_oxide,0.30508353391387294
oxalate,0.012850027554430094
oxychlorine,0.1565283688608519
phyllosilicate,0.25476002795844255
silicate,0.15213770120553258
sulfate,0.21562710335758695
sulfide,0.07480765815423769
