target,fts_mra_tempmz_slope_spectra_mzstats_XGB_opt_tr_sfm
basalt,0.16427136071501816
carbonate,0.14547080350756586
chloride,0.19951023622164807
iron_oxide,0.22283803915528325
oxalate,0.023682916020426735
oxychlorine,0.18273128148915557
phyllosilicate,0.23116866999851213
silicate,0.2351019990635968
sulfate,0.189424817866406
sulfide,0.07201783949204617
