target,fts_mra_tempmz_slope_cntpk_spectra_XGB_opt_tr_sfm
basalt,0.17750024648223278
carbonate,0.12101897143475293
chloride,0.2015945385801404
iron_oxide,0.2303308258922995
oxalate,0.01489849816921841
oxychlorine,0.14275711691514098
phyllosilicate,0.22413423411871086
silicate,0.22681427488842704
sulfate,0.19505491967207994
sulfide,0.06381533077127494
