target,fts_corr_mz4_XGB_opt_sam
basalt,0.40627892443005054
carbonate,0.41892998941827636
chloride,0.40796937393390553
iron_oxide,0.547033024803915
oxalate,0.17556526169459039
oxychlorine,0.5935667433601461
phyllosilicate,0.6677265875607468
silicate,0.4278811545194241
sulfate,0.5268384594321252
sulfide,0.20357367166492826
