target,fts_cntpk_mratt_XGB_opt_trvl_sfm
basalt,0.1737710969357496
carbonate,0.13257299741618175
chloride,0.19316164614380282
iron_oxide,0.25113613248929595
oxalate,0.01426590063346804
oxychlorine,0.16278588667087646
phyllosilicate,0.2589657562085313
silicate,0.21093733325256975
sulfate,0.2180046433224776
sulfide,0.06618542342795258
