target,fts_mra_tempmz_slope_topmz_XGB_opt_trvl_sfm
basalt,0.1563862427166572
carbonate,0.08021973392099586
chloride,0.17027625349617725
iron_oxide,0.20795320790962296
oxalate,0.014048308941348633
oxychlorine,0.15808318014100603
phyllosilicate,0.23337781036975738
silicate,0.185846165743728
sulfate,0.17258645748161136
sulfide,0.08167395783662004
