target,fts_mra_tempmz_slope_mzstats_XGB_opt_tr_sfm_V
basalt,0.12899328725223363
carbonate,0.11335189891192402
chloride,0.21675784689407643
iron_oxide,0.2746231415759575
oxalate,0.015306879056072493
oxychlorine,0.1704380039841655
phyllosilicate,0.26760120363151113
silicate,0.15941385484583448
sulfate,0.18824898641824298
sulfide,0.06117162071569718
