target,fts_mra_tempmz_cntpk_mratt_slope_spectra_XGB_opt_tr
basalt,0.17912989506876825
carbonate,0.13751301766568452
chloride,0.20317414190832603
iron_oxide,0.24086536195701327
oxalate,0.014486072301787317
oxychlorine,0.1588819542286757
phyllosilicate,0.23647077978903233
silicate,0.2222365049188486
sulfate,0.22739983501764277
sulfide,0.06788560222743814
