target,fts_range_abun_to_temp_XGB_opt_trvl_sfm
basalt,0.13265015518223017
carbonate,0.1043806934118106
chloride,0.18591879225640234
iron_oxide,0.21104580038718743
oxalate,0.011805043481180515
oxychlorine,0.1554832131014689
phyllosilicate,0.25760361716934876
silicate,0.22854694057843603
sulfate,0.17431480813448336
sulfide,0.08403620244280724
