target,fts_mra_tempmz_cntpk_mratt_slope_XGB_opt_trvl
basalt,0.15147035229032582
carbonate,0.09110545289439498
chloride,0.17244345214429083
iron_oxide,0.20812211901341712
oxalate,0.012528476999312288
oxychlorine,0.14037272774766527
phyllosilicate,0.23063061267965299
silicate,0.18632902454210853
sulfate,0.1752250772128454
sulfide,0.070068345329345
