target,fts_mra_tempmz_slope_cntpk_XGB_opt_trV
basalt,0.12594135161036302
carbonate,0.11290279684195759
chloride,0.1972565260797631
iron_oxide,0.28027582138740226
oxalate,0.01585985367852279
oxychlorine,0.1559063228651398
phyllosilicate,0.23159176177256216
silicate,0.17109208925942646
sulfate,0.2359587393463478
sulfide,0.06936074997999295
