target,fts_mz_maxabun_XGB_opt_tr_sfm_V
basalt,0.1633003764835889
carbonate,0.12130793067924646
chloride,0.2332563370912425
iron_oxide,0.31860729712045693
oxalate,0.005978203991884143
oxychlorine,0.19852055914250263
phyllosilicate,0.34513337797097504
silicate,0.18444008311656473
sulfate,0.2128360818413169
sulfide,0.07104229121790792
