target,fts_mra_tempmz_XGB_trvl
basalt,0.17535642713573033
carbonate,0.09042970225928271
chloride,0.18622434858380826
iron_oxide,0.23514644413808328
oxalate,0.017460904940602717
oxychlorine,0.16719442244347366
phyllosilicate,0.2574618023465163
silicate,0.20515629972326366
sulfate,0.18776378520666673
sulfide,0.08088348573694427
