target,fts_mra_tempmz_cntpk_XGB_opt_trvl_sfm
basalt,0.149506445732897
carbonate,0.08879894399138541
chloride,0.1736190517154998
iron_oxide,0.204917801303921
oxalate,0.012239123834387012
oxychlorine,0.13957268259351077
phyllosilicate,0.23681906588458204
silicate,0.18940106428217335
sulfate,0.17447751894196245
sulfide,0.07082049059542536
