target,fts_mra_tempmz_slope_lrcorrmz4_XGB_opt_trvl_sfm_V
basalt,0.009770146568715827
carbonate,0.009111747670117703
chloride,0.011287868599830126
iron_oxide,0.020364687516021864
oxalate,0.00174856341126893
oxychlorine,0.011353274361141433
phyllosilicate,0.020453908295551815
silicate,0.010996907720590208
sulfate,0.01164502220994351
sulfide,0.005375583441578386
