target,fts_peak_widths_XGB_opt_trvlV
basalt,0.022392210497365114
carbonate,0.03140721518431914
chloride,0.025103546934895242
iron_oxide,0.048172239689378914
oxalate,0.0028213550560748516
oxychlorine,0.032418325820734326
phyllosilicate,0.04266352375727719
silicate,0.03955239297662395
sulfate,0.030585578270097592
sulfide,0.006818037932764885
