target,fts_mra_tempmz_LR_reg_sam
basalt,0.2808329837457333
carbonate,0.2396414000642748
chloride,0.2944534149635854
iron_oxide,0.3627412891834739
oxalate,0.003807048659824649
oxychlorine,0.28098086045920684
phyllosilicate,0.4096872796425961
silicate,0.3550628205936525
sulfate,0.32020170372120454
sulfide,0.15613394403395534
