target,fts_cntpk_mratt_XGB_opt_tr_sfm
basalt,0.21451958793866602
carbonate,0.14861856529717574
chloride,0.2182104384947074
iron_oxide,0.24873170571716866
oxalate,0.018291854343489407
oxychlorine,0.17409088730313388
phyllosilicate,0.2823948176034681
silicate,0.22997229871603603
sulfate,0.23963190746280758
sulfide,0.07417001353142469
