target,fts_mra_tempmz_slope_XGB_opt_tr_sfm_V
basalt,0.1225689285893292
carbonate,0.09322761537375265
chloride,0.18746517334390056
iron_oxide,0.30114993393149403
oxalate,0.010861938654201951
oxychlorine,0.14823424577579514
phyllosilicate,0.24399455365209932
silicate,0.15213770120553258
sulfate,0.20770438275090974
sulfide,0.07107370355068754
