target,fts_mra_tempmz_slope_cntpk_spectra_mzstats_width_XGB_opt_tr_sfm
basalt,0.18824723686857947
carbonate,0.1349804833580765
chloride,0.20919417138910382
iron_oxide,0.24192008504657805
oxalate,0.014862494996790798
oxychlorine,0.18466252514374387
phyllosilicate,0.23184614810138213
silicate,0.23396244437334673
sulfate,0.19432913692817996
sulfide,0.061984346708775104
