target,fts_peak_widths_XGB_opt_tr
basalt,0.2427461728094921
carbonate,0.1873576364683885
chloride,0.27599685264668794
iron_oxide,0.3479447239143871
oxalate,0.05374731122253127
oxychlorine,0.27234344141625766
phyllosilicate,0.3724419325333312
silicate,0.28724431545417217
sulfate,0.311164347173038
sulfide,0.10125125347968182
