target,fts_peak_widths_XGB_opt_trvlV
basalt,0.02183831706817926
carbonate,0.0321469918789768
chloride,0.053304635312721296
iron_oxide,0.05103668455771924
oxalate,0.004865313055007258
oxychlorine,0.032418325820734326
phyllosilicate,0.04408987965347379
silicate,0.03955239297662395
sulfate,0.030585578270097592
sulfide,0.007781499286866413
