target,fts_mra_tempmz_XGB_opt_trvl_sfm_V
basalt,0.01020582554203938
carbonate,0.008942621459198302
chloride,0.011614666106425696
iron_oxide,0.019375610316677637
oxalate,0.0017445096014021442
oxychlorine,0.011196570419475957
phyllosilicate,0.020893408844975356
silicate,0.010902846098357793
sulfate,0.012120110015170299
sulfide,0.005351362940549387
