target,fts_mzstats_XGB_opt_trV
basalt,0.1628738657369536
carbonate,0.14123979939005588
chloride,0.24670445612423542
iron_oxide,0.31854380632881013
oxalate,0.023744901680346236
oxychlorine,0.23857409473780364
phyllosilicate,0.32241915307864355
silicate,0.19916080241925926
sulfate,0.20326112803217158
sulfide,0.07501263249468428
