target,fts_cntpk_mratt_XGB_opt_trvl
basalt,0.1737710969357496
carbonate,0.13257299741618175
chloride,0.19468705714602538
iron_oxide,0.25113613248929595
oxalate,0.01587205114715257
oxychlorine,0.16278588667087646
phyllosilicate,0.2676104640072642
silicate,0.2128670806380522
sulfate,0.2174183848814725
sulfide,0.06618542342795258
