target,fts_mra_tempmz_slope_cntpk_XGB_opt_tr_sfm
basalt,0.22858148855602609
carbonate,0.146696290363218
chloride,0.21635095820260428
iron_oxide,0.27168072229264195
oxalate,0.03947637817996841
oxychlorine,0.23361781830990927
phyllosilicate,0.2798630786013598
silicate,0.21799369451734965
sulfate,0.2635013501540425
sulfide,0.20148641343924148
