target,fts_corr_mz4_XGB_opt_tr_sfm
basalt,0.2985467787307536
carbonate,0.2644426503526319
chloride,0.31622337474284534
iron_oxide,0.429140161781317
oxalate,0.11288276783502534
oxychlorine,0.3898933362026771
phyllosilicate,0.44185602059513834
silicate,0.3638202996891974
sulfate,0.33164688390070524
sulfide,0.11690457414015432
