target,fts_corr_mz4_XGB_opt_tr_sfm_V
basalt,0.28577727086026755
carbonate,0.2840255574309728
chloride,0.3311240477256998
iron_oxide,0.46049272694144994
oxalate,0.11892217899984188
oxychlorine,0.37658151416998015
phyllosilicate,0.4505403785562658
silicate,0.31692995054491574
sulfate,0.3173963596206794
sulfide,0.06412065878578814
