target,fts_mzstats_XGB_opt_trvl_sfm
basalt,0.1817389512708047
carbonate,0.12262915607994333
chloride,0.20341956029669112
iron_oxide,0.2573321760827556
oxalate,0.017109370221556612
oxychlorine,0.1985960531152204
phyllosilicate,0.26992453408523553
silicate,0.22590774726424953
sulfate,0.19128521896106798
sulfide,0.08222690143336597
