target,fts_range_abun_to_temp_XGB_opt_tr_sfm_V
basalt,0.1475336052260422
carbonate,0.11972861889703676
chloride,0.20030161268443328
iron_oxide,0.25367735644028466
oxalate,0.006030098224812069
oxychlorine,0.1371402118224714
phyllosilicate,0.23653848477640846
silicate,0.19213115930701877
sulfate,0.2553486125307307
sulfide,0.06009882434971357
