target,fts_mzstats_XGB_opt_tr_sfm
basalt,0.2006936841274521
carbonate,0.15597313555977715
chloride,0.19679753733309488
iron_oxide,0.27084089844462617
oxalate,0.019581840562816234
oxychlorine,0.22370892137461765
phyllosilicate,0.2464482772944479
silicate,0.25459344270896345
sulfate,0.20423526296489203
sulfide,0.06897814972263099
