target,fts_corr_mz4_XGB_opt_trvl_sfm_V
basalt,0.02017704507776253
carbonate,0.023287830152787244
chloride,0.02654828897473933
iron_oxide,0.043141809381137736
oxalate,0.007284920997583902
oxychlorine,0.03567641161528413
phyllosilicate,0.051060168887885865
silicate,0.026248979496446983
sulfate,0.035918277840896067
sulfide,0.00536138655553467
