target,fts_mra_tempmz_cntpk_XGB_opt_tr_sfm_V
basalt,0.12747974000011378
carbonate,0.11798025319653122
chloride,0.22166093704433723
iron_oxide,0.2660092873758646
oxalate,0.01585985367852279
oxychlorine,0.15641004749817722
phyllosilicate,0.23265947774807533
silicate,0.16274793755696965
sulfate,0.2378244216324612
sulfide,0.0709212839851949
