target,fts_mra_tempmz_slope_cntpk_mzstats_XGB_opt_tr_sfm
basalt,0.1773645044362469
carbonate,0.13168343034850033
chloride,0.20840800873334367
iron_oxide,0.23502382789772094
oxalate,0.014265932842851737
oxychlorine,0.1778312262670957
phyllosilicate,0.22836757513009895
silicate,0.2254197882257051
sulfate,0.19868391974365746
sulfide,0.06279700928223468
