target,fts_lr_corr_mz4_XGB_opt_trvl_sfm_V
basalt,0.27742416668467146
carbonate,0.30007324810855013
chloride,0.30731432176744977
iron_oxide,0.42008818420279553
oxalate,0.15841995013890464
oxychlorine,0.4284477950083314
phyllosilicate,0.5376357858040633
silicate,0.3151033981146971
sulfate,0.3993827161846409
sulfide,0.10600919989271426
