target,fts_mra_tempmz_cntpk_mratt_slope_XGB_opt_trV
basalt,0.13094865046612403
carbonate,0.11579915023179972
chloride,0.18340701731172177
iron_oxide,0.2731799185550184
oxalate,0.01649840348046559
oxychlorine,0.14968067351128722
phyllosilicate,0.2307576139345479
silicate,0.17306364923791082
sulfate,0.2393983015250224
sulfide,0.06765869636495467
