target,fts_mra_tempmz_slope_cntpk_spectra_lrcorrmz4_XGB_opt_trvl_sfm
basalt,0.14517117430601056
carbonate,0.08437953503202614
chloride,0.17134890337838898
iron_oxide,0.2033959639474757
oxalate,0.012242180705793778
oxychlorine,0.1440821436831637
phyllosilicate,0.22939945174521084
silicate,0.1836549142559552
sulfate,0.1743591586779965
sulfide,0.07255899531117414
