target,fts_mra_tempmz_slope_cntpk_spectra_range_mass_XGB_opt_tr_sfm_V
basalt,0.13728547560364174
carbonate,0.11350056995461304
chloride,0.20301270375025074
iron_oxide,0.2681111147096412
oxalate,0.014050194966994582
oxychlorine,0.12629996234059981
phyllosilicate,0.2167506906042613
silicate,0.15496426670130267
sulfate,0.2070129073650891
sulfide,0.06721794487707437
