target,fts_mra_tempmz_XGB_opt_tr_sfm
basalt,0.2037926424671946
carbonate,0.10880419331023979
chloride,0.20993679096199142
iron_oxide,0.2242095433609456
oxalate,0.025979876300493976
oxychlorine,0.18017037229844265
phyllosilicate,0.24537565622910645
silicate,0.23317893970805786
sulfate,0.19015973202334008
sulfide,0.0675372862361483
