target,fts_mra_tempmz_slope_cntpk_spectra_mzstats_width_XGB_opt_trvl_sfm_V
basalt,0.008748600549269596
carbonate,0.007461843530587064
chloride,0.009864444554181064
iron_oxide,0.014475144682700012
oxalate,0.0019584254786028897
oxychlorine,0.009264885163834198
phyllosilicate,0.014472668815273855
silicate,0.010193291124999015
sulfate,0.010165027672315252
sulfide,0.004220172572255598
