target,fts_mra_tempmz_slope_cntpk_mzstats_width_XGB_opt_trvl_sfm
basalt,0.16312678855424567
carbonate,0.10309612513723787
chloride,0.18232498232493383
iron_oxide,0.21396544202699985
oxalate,0.016000763983749708
oxychlorine,0.16246321596637217
phyllosilicate,0.23042857820767998
silicate,0.2062028598674738
sulfate,0.16631056172659234
sulfide,0.06464671093563973
