target,fts_mra_tempmz_XGB_opt_es_tr
basalt,0.1731241113563739
carbonate,0.11170066900164832
chloride,0.19042553430875236
iron_oxide,0.21836558054587232
oxalate,0.026719068769461517
oxychlorine,0.17881238033441363
phyllosilicate,0.25518642418626514
silicate,0.22212086894367963
sulfate,0.19530217146116768
sulfide,0.0749714992948035
