target,fts_cntpk_mratt_XGB_opt_trV
basalt,0.17799069649387317
carbonate,0.16842578223281868
chloride,0.2421199004884981
iron_oxide,0.27412638389116073
oxalate,0.015979614295144867
oxychlorine,0.1642700960603781
phyllosilicate,0.2614103417053704
silicate,0.1866600431609937
sulfate,0.33349583069309147
sulfide,0.057947304078144156
