target,fts_mra_tempmz_slope_cntpk_XGB_opt_tr_sfm
basalt,0.18534630647613312
carbonate,0.12748420798253937
chloride,0.2097080376574913
iron_oxide,0.22970648192192167
oxalate,0.014416813823819477
oxychlorine,0.15447688090203543
phyllosilicate,0.23318105320060978
silicate,0.2217797485195238
sulfate,0.20057121573241993
sulfide,0.06525233075578535
