target,fts_mra_tempmz_slope_spectra_mzstats_XGB_opt_tr_sfm_V
basalt,0.12756271755466644
carbonate,0.1202630718956215
chloride,0.20869656391310706
iron_oxide,0.27013058368984366
oxalate,0.012626884061940104
oxychlorine,0.1687108447243628
phyllosilicate,0.2675696423594322
silicate,0.15808329948779584
sulfate,0.19883440462387653
sulfide,0.0618757422689234
