target,fts_peak_widths_XGB_opt_trV
basalt,0.22220851721439935
carbonate,0.2358009138505321
chloride,0.33385386402915795
iron_oxide,0.34130315118113297
oxalate,0.026783267987666354
oxychlorine,0.23081845469508994
phyllosilicate,0.3284906453656433
silicate,0.2632264378639542
sulfate,0.3071227828871122
sulfide,0.08564953262136563
