target,fts_mra_tempmz_slope_cntpk_topmz_XGB_opt_trvl_sfm
basalt,0.15248831437893445
carbonate,0.08639446232121964
chloride,0.17283826761980173
iron_oxide,0.20956636722366814
oxalate,0.012233120509741704
oxychlorine,0.1402988056590934
phyllosilicate,0.22986205827774167
silicate,0.18502513589478095
sulfate,0.17463260537689887
sulfide,0.07110011955832443
