target,fts_mra_tempmz_slope_spectra_XGB_opt_trvl_sfm_V
basalt,0.009421239604652182
carbonate,0.008870891730738932
chloride,0.011313352385001835
iron_oxide,0.019746968714971693
oxalate,0.0017445096014021442
oxychlorine,0.01088807249577627
phyllosilicate,0.018827287876762373
silicate,0.011393346698198201
sulfate,0.011792469477287331
sulfide,0.0052331681412949825
