target,fts_mra_tempmz_slope_cntpk_mzstats_width_XGB_opt_trV
basalt,0.14818961586173046
carbonate,0.13503076744034612
chloride,0.21250105535956385
iron_oxide,0.29902460713713486
oxalate,0.011668356837754046
oxychlorine,0.181333045565377
phyllosilicate,0.23634780361118438
silicate,0.17616916307583516
sulfate,0.18589837972031836
sulfide,0.07148000964681926
