target,fts_mz_maxabun_XGB_opt_trV
basalt,0.1700773667118992
carbonate,0.12642489321734088
chloride,0.2405863765016462
iron_oxide,0.3338387077682216
oxalate,0.006454791964680185
oxychlorine,0.2020362655261894
phyllosilicate,0.3592151537030592
silicate,0.20203250992857238
sulfate,0.21924189416256196
sulfide,0.07183599655231168
