target,fts_peak_widths_XGB_opt_trvl_sfm_V
basalt,0.02151972430566669
carbonate,0.03140721518431914
chloride,0.025103546934895242
iron_oxide,0.048172239689378914
oxalate,0.0028213550560748516
oxychlorine,0.032418325820734326
phyllosilicate,0.04224137185179587
silicate,0.038664800870834626
sulfate,0.030307290073541396
sulfide,0.006818037932764885
