target,fts_mra_tempmz_slope_cntpk_mzstats_XGB_opt_trV
basalt,0.12411757363677947
carbonate,0.12348074131524477
chloride,0.21825694589384548
iron_oxide,0.286991660741838
oxalate,0.011463571773919852
oxychlorine,0.17129698816969763
phyllosilicate,0.24239353368610284
silicate,0.16435390669747602
sulfate,0.19017887416529333
sulfide,0.0721361284167466
