target,fts_mra_tempmz_LR_reg_samV
basalt,0.05516352633836688
carbonate,0.7563579937920966
chloride,0.8643758595788743
iron_oxide,1.7507647951364522
oxalate,0.6418481958925608
oxychlorine,4.219458526857953
phyllosilicate,1.87804175723998
silicate,0.05805642084223528
sulfate,3.748869965845266
sulfide,1.649138871099649
