target,fts_mra_tempmz_LR_reg_trvl
basalt,0.26152610421079714
carbonate,0.22292052739226142
chloride,0.25846765369554403
iron_oxide,0.37216113777027066
oxalate,0.004914672949143167
oxychlorine,0.2526301582566911
phyllosilicate,0.4112433512412358
silicate,0.3498702145055753
sulfate,0.3228680540360762
sulfide,0.1453285461910574
