target,fts_mra_tempmz_maxabun_XGB_opt_tr_sfm_V
basalt,0.13683027902768238
carbonate,0.07843315468762553
chloride,0.1896409981223713
iron_oxide,0.29521062226136413
oxalate,0.013355160579832315
oxychlorine,0.14448283292129063
phyllosilicate,0.24025081372112608
silicate,0.15624688147688792
sulfate,0.20781952865543352
sulfide,0.07146508279479023
