target,fts_mra_tempmz_LR_reg_trvl
basalt,0.2615261042107989
carbonate,0.22292052739226756
chloride,0.25846765369554275
iron_oxide,0.37216113777026905
oxalate,0.004914672949143357
oxychlorine,0.25263015825669405
phyllosilicate,0.4112433512412318
silicate,0.34987021450556754
sulfate,0.3228680540360715
sulfide,0.14532854619106556
