target,fts_mra_tempmz_XGB_trV
basalt,0.15140587617383428
carbonate,0.09093068894056722
chloride,0.21076289102771198
iron_oxide,0.3537464475621195
oxalate,0.013059370402872894
oxychlorine,0.16299729796667636
phyllosilicate,0.26635226092840475
silicate,0.1727148545222554
sulfate,0.21740255957029955
sulfide,0.07672685057331032
