target,fts_mra_tempmz_slope_spectra_XGB_opt_tr_sfm
basalt,0.17286991652415234
carbonate,0.1203508672070646
chloride,0.2101524959656565
iron_oxide,0.21442089720715055
oxalate,0.026157437145887995
oxychlorine,0.18189530435036705
phyllosilicate,0.23984113300961357
silicate,0.23168390722993198
sulfate,0.1981808684348574
sulfide,0.06631973569543155
