target,fts_mra_tempmz_slope_cntpk_XGB_opt_trvl_sfm
basalt,0.15126813739074205
carbonate,0.0906359712476314
chloride,0.1736190517154998
iron_oxide,0.20547242235242025
oxalate,0.012233120509741704
oxychlorine,0.14037272774766527
phyllosilicate,0.2325341647938645
silicate,0.18015968597843102
sulfate,0.17551390989657156
sulfide,0.07121123056654685
