target,fts_mra_tempmz_cntpk_mratt_slope_spectra_XGB_opt_trV
basalt,0.13630146995097805
carbonate,0.11408863208572931
chloride,0.192937556498862
iron_oxide,0.28392033908816544
oxalate,0.01656130027882564
oxychlorine,0.14497248129760243
phyllosilicate,0.2335698383342977
silicate,0.16933459650630564
sulfate,0.22810508353308276
sulfide,0.06540122062842753
