target,fts_mra_tempmz_slope_cntpk_spectra_range_XGB_opt_trvl_sfm
basalt,0.13918064047402856
carbonate,0.0881537227519505
chloride,0.17742137050420873
iron_oxide,0.1957627265866061
oxalate,0.011577568925757745
oxychlorine,0.1440204982312923
phyllosilicate,0.22890101351028935
silicate,0.19523142577944325
sulfate,0.1683112036680609
sulfide,0.07053210014460218
