target,fts_mra_tempmz_slope_cntpk_spectra_range_mass_XGB_opt_trvl_sfm
basalt,0.1435332521834038
carbonate,0.08600270619329084
chloride,0.17909332823233756
iron_oxide,0.19878200142649316
oxalate,0.011234667153795971
oxychlorine,0.1448302299130913
phyllosilicate,0.2299249544123371
silicate,0.1945910237777031
sulfate,0.1704079547449849
sulfide,0.07010577194875364
