target,fts_mra_tempmz_slope_cntpk_spectra_lrcorrmz4_XGB_opt_trvl_sfm_V
basalt,0.00912969933847385
carbonate,0.008706771914844017
chloride,0.010640142375639872
iron_oxide,0.018262066928043632
oxalate,0.002261392585257761
oxychlorine,0.010393171506232993
phyllosilicate,0.01608620764911747
silicate,0.011471530774992862
sulfate,0.011763477808423977
sulfide,0.004521136199431685
