target,fts_mra_tempmz_slope_spectra_mzstats_XGB_opt_trvl_sfm_V
basalt,0.00916048333306285
carbonate,0.0075078395969288446
chloride,0.010619485753972986
iron_oxide,0.015329146623824414
oxalate,0.0019244245106891536
oxychlorine,0.009737642818454767
phyllosilicate,0.015492689236760166
silicate,0.01049606430399114
sulfate,0.010535745768658435
sulfide,0.004462896243100128
