target,fts_peak_widths_XGB_opt_trvl_sfm
basalt,0.2120497323376581
carbonate,0.1760467330749006
chloride,0.24735835928923638
iron_oxide,0.30242253055397417
oxalate,0.027649197186417267
oxychlorine,0.2234699302683572
phyllosilicate,0.3243004379223232
silicate,0.25381850857310295
sulfate,0.2671561480088543
sulfide,0.08416452813146794
