target,fts_mass_loss_tempb_XGB_opt_trV
basalt,0.29776043627282395
carbonate,0.36015407738368005
chloride,0.44461009574222854
iron_oxide,0.45889844120489653
oxalate,0.0963849813094102
oxychlorine,0.5829795645192304
phyllosilicate,0.6158470049883483
silicate,0.3276311205358343
sulfate,0.5717859126725982
sulfide,0.1888200760510696
