target,fts_mra_tempmz_slope_cntpk_spectra_range_mass_XGB_opt_trvl_sfm_V
basalt,0.00857972502454149
carbonate,0.0077854427992749276
chloride,0.010104059102649422
iron_oxide,0.0168052123896873
oxalate,0.001947817991610057
oxychlorine,0.009389292662915593
phyllosilicate,0.014996477020920315
silicate,0.010852191241222844
sulfate,0.010959457829570772
sulfide,0.004356229984032232
