target,fts_mra_tempmz_slope_XGB_opt_tr_sfm
basalt,0.19117839287332034
carbonate,0.10992895390336917
chloride,0.20769951735100864
iron_oxide,0.22001847875913572
oxalate,0.025987632721679234
oxychlorine,0.17787178001663045
phyllosilicate,0.2465432409256414
silicate,0.2337835467113148
sulfate,0.18426040831873378
sulfide,0.06773877334398246
