target,fts_lr_corr_mz4_XGB_opt_tr_sfm_V
basalt,0.3625368096646392
carbonate,0.3710011161685804
chloride,0.4204114575841728
iron_oxide,0.5763285625408127
oxalate,0.19882263553904134
oxychlorine,0.573630622057276
phyllosilicate,0.6562954557379358
silicate,0.3893684553421093
sulfate,0.5330305029812933
sulfide,0.17699938853280842
