target,fts_mz_maxabun_XGB_opt_tr_sfm
basalt,0.23141683049883569
carbonate,0.13718002378099775
chloride,0.17191812299581938
iron_oxide,0.27891611257505616
oxalate,0.017180006927321235
oxychlorine,0.20562732499590547
phyllosilicate,0.2994986204881242
silicate,0.29090005558667087
sulfate,0.2620554517838919
sulfide,0.10446844134435478
