target,fts_corr_mz4_XGB_opt_samV
basalt,0.08506274968385696
carbonate,0.45056913793087006
chloride,0.28758022872110206
iron_oxide,0.844299695144097
oxalate,0.3385157057394584
oxychlorine,0.7338861425717672
phyllosilicate,0.5653841905295849
silicate,0.18936845660209656
sulfate,0.6155531220138073
sulfide,0.04004472866654396
