target,fts_range_abun_to_temp_XGB_opt_trV
basalt,0.23157788660224693
carbonate,0.3228400778486282
chloride,0.376880605730511
iron_oxide,0.40257182098852007
oxalate,0.25992024725234714
oxychlorine,0.613480355039099
phyllosilicate,0.5912026481721995
silicate,0.31075534216961076
sulfate,0.37010484840403035
sulfide,0.23231772700787137
