target,fts_cntpk_mratt_XGB_opt_tr_sfm_V
basalt,0.1517755462161866
carbonate,0.16375012976219147
chloride,0.22569043609296185
iron_oxide,0.27275261107741605
oxalate,0.015979614295144867
oxychlorine,0.14477578244639286
phyllosilicate,0.25460527390607157
silicate,0.17580772241467846
sulfate,0.30397319713978527
sulfide,0.05414711818223781
