target,fts_mra_tempmz_slope_cntpk_mzstats_width_XGB_opt_tr_sfm
basalt,0.19026794775013411
carbonate,0.13506814689313573
chloride,0.20648007381833094
iron_oxide,0.2394002373051332
oxalate,0.014119385535308282
oxychlorine,0.18039165552400485
phyllosilicate,0.2315087229669463
silicate,0.2327773886288928
sulfate,0.18916286730421317
sulfide,0.06350784452863786
