target,fts_mra_tempmz_LR_reg_trV
basalt,0.32469344268515155
carbonate,0.34539472382455805
chloride,0.24619226997927038
iron_oxide,0.4182333827931444
oxalate,0.007415226945737933
oxychlorine,0.25044439020353626
phyllosilicate,0.44810452151747465
silicate,0.29508002743980066
sulfate,0.3071802135458256
sulfide,0.09007546859951068
