target,fts_mra_tempmz_slope_cntpk_XGB_opt_tr_sfm_V
basalt,0.12787267944116762
carbonate,0.11798025319653122
chloride,0.22039513063653604
iron_oxide,0.27419540371408896
oxalate,0.01585985367852279
oxychlorine,0.1494841856811253
phyllosilicate,0.23265947774807533
silicate,0.16274793755696965
sulfate,0.23948105974635428
sulfide,0.0709212839851949
