target,fts_mra_tempmz_slope_cntpk_spectra_range_XGB_opt_tr_sfm
basalt,0.18247837533700306
carbonate,0.11549907508813581
chloride,0.1988193671820663
iron_oxide,0.22572670810468526
oxalate,0.015199743711647378
oxychlorine,0.16457507386357423
phyllosilicate,0.24448274485798122
silicate,0.22783325134641616
sulfate,0.20684899537795767
sulfide,0.06120731175508294
