target,fts_mra_tempmz_slope_cntpk_spectra_range_mass_XGB_opt_tr_sfm
basalt,0.1785724870057287
carbonate,0.11548283859686326
chloride,0.1981831704452739
iron_oxide,0.22359786428463618
oxalate,0.015183229356432354
oxychlorine,0.1651565109390352
phyllosilicate,0.2371070390878433
silicate,0.22695675004870633
sulfate,0.20926895158637948
sulfide,0.06185086374906631
