target,fts_range_abun_to_temp_XGB_opt_tr_sfm
basalt,0.20889998844896987
carbonate,0.12862492236569653
chloride,0.18530064695767184
iron_oxide,0.23376275089563162
oxalate,0.020860387664823413
oxychlorine,0.18790611290852416
phyllosilicate,0.27847031184215276
silicate,0.20407440353327116
sulfate,0.22213785688095258
sulfide,0.09315464450122711
