target,fts_range_abun_to_temp_XGB_opt_trV
basalt,0.3145920240460123
carbonate,0.3847095498905768
chloride,0.34057679846398087
iron_oxide,0.4230713908077431
oxalate,0.25442838978138355
oxychlorine,0.7172621848894467
phyllosilicate,1.2422136477760513
silicate,0.3960671141726178
sulfate,0.4261436693452985
sulfide,0.21631460564382654
