target,fts_mra_tempmz_slope_XGB_opt_tr_sfm
basalt,0.19117839287332034
carbonate,0.10880419331023979
chloride,0.20769951735100864
iron_oxide,0.22001847875913572
oxalate,0.025979876300493976
oxychlorine,0.17787178001663045
phyllosilicate,0.24537565622910645
silicate,0.23317893970805786
sulfate,0.18426040831873378
sulfide,0.0675372862361483
