target,fts_mra_tempmz_slope_XGB_opt_trvlV
basalt,0.009969276457122263
carbonate,0.009163389728983081
chloride,0.011614666106425696
iron_oxide,0.020718035799111065
oxalate,0.0017445096014021442
oxychlorine,0.011206104814864809
phyllosilicate,0.019721341902650767
silicate,0.011079440909714371
sulfate,0.011957652763933986
sulfide,0.0053865646038747965
