target,fts_cntpk_mratt_XGB_opt_tr
basalt,0.22880923599931574
carbonate,0.1415692972721049
chloride,0.23395639936936746
iron_oxide,0.251189495188842
oxalate,0.018291854343489407
oxychlorine,0.1737749289941827
phyllosilicate,0.2824880790257961
silicate,0.24608780605624517
sulfate,0.24064030442574658
sulfide,0.0791154163042761
