target,fts_mra_tempmz_slope_cntpk_spectra_lrcorrmz4_XGB_opt_tr_sfm_V
basalt,0.1342736213150555
carbonate,0.11634836004293642
chloride,0.20715754996482982
iron_oxide,0.27750313299375906
oxalate,0.015706474664930966
oxychlorine,0.15621010814801353
phyllosilicate,0.23621723285491608
silicate,0.1586542627438442
sulfate,0.22555271528522983
sulfide,0.0667867748250147
