target,fts_range_abun_to_temp_XGB_opt_trvlV
basalt,0.23348190955247144
carbonate,0.31116119058844044
chloride,0.20450333157854644
iron_oxide,0.29187634951711566
oxalate,0.2667659307961549
oxychlorine,0.7900529149276087
phyllosilicate,0.9216520482755295
silicate,0.2628316068314588
sulfate,0.3554077890905021
sulfide,0.20559386270352775
