target,fts_mra_tempmz_slope_cntpk_spectra_lrcorrmz4_XGB_opt_tr_sfm
basalt,0.17894794322534363
carbonate,0.12286240855927728
chloride,0.20707023177729872
iron_oxide,0.22882567248428515
oxalate,0.01489849816921841
oxychlorine,0.14002124161307086
phyllosilicate,0.22784485607162502
silicate,0.22611462910443492
sulfate,0.2020482231793475
sulfide,0.0643832070468455
