target,fts_mzstats_XGB_opt_tr
basalt,0.23261295201449078
carbonate,0.15597313555977715
chloride,0.22271942139172368
iron_oxide,0.298378568433464
oxalate,0.022603303035459987
oxychlorine,0.23122086493419441
phyllosilicate,0.28670934302586054
silicate,0.24907041888785128
sulfate,0.20423526296489203
sulfide,0.08446309482064467
