target,fts_mra_tempmz_slope_cntpk_spectra_XGB_opt_trV
basalt,0.12863404701130923
carbonate,0.10970925465214254
chloride,0.2053003008882658
iron_oxide,0.271730199418072
oxalate,0.015706474664930966
oxychlorine,0.15018156082897827
phyllosilicate,0.23159081104955295
silicate,0.16315360125646935
sulfate,0.2281842386014696
sulfide,0.07263266541017696
