target,fts_mra_tempmz_slope_topmz_XGB_opt_trV
basalt,0.12592438559696306
carbonate,0.24145276892041062
chloride,0.1987404972048629
iron_oxide,0.310703697548019
oxalate,0.010900106842457968
oxychlorine,0.1431088656482665
phyllosilicate,0.25287397318669047
silicate,0.1538304847398131
sulfate,0.23460419130223126
sulfide,0.07121894607632723
