target,fts_mra_tempmz_slope_cntpk_spectra_range_XGB_opt_tr_sfm_V
basalt,0.13661148203075973
carbonate,0.11189985612853122
chloride,0.19824968857027958
iron_oxide,0.26761951783764154
oxalate,0.014050194966994582
oxychlorine,0.12923468529972257
phyllosilicate,0.2257092793729576
silicate,0.15638895809083045
sulfate,0.21434852063938747
sulfide,0.06698724124256804
