target,fts_instr_XGB_opt_tr
basalt,0.3641418207098138
carbonate,0.3825337006717472
chloride,0.3692850137698532
iron_oxide,0.5255445855795084
oxalate,0.16528507429630235
oxychlorine,0.5444295897209025
phyllosilicate,0.6224575067333679
silicate,0.39650174135740746
sulfate,0.49215033493773097
sulfide,0.18955700591751462
