target,fts_mra_tempmz_slope_cntpk_spectra_XGB_opt_trvl_sfm
basalt,0.14414061765413305
carbonate,0.08450395899356182
chloride,0.1708709962298244
iron_oxide,0.20858958296099467
oxalate,0.012242180705793778
oxychlorine,0.1408598591270323
phyllosilicate,0.23301742536413586
silicate,0.18431966818269518
sulfate,0.17380116394359488
sulfide,0.06916029917521338
