target,fts_mra_tempmz_slope_cntpk_spectra_mzstats_width_XGB_opt_tr_sfm_V
basalt,0.14430406781266295
carbonate,0.14514192189515088
chloride,0.21502648226864343
iron_oxide,0.2997217990725012
oxalate,0.011668356837754046
oxychlorine,0.17609916957303462
phyllosilicate,0.2419267138211953
silicate,0.1741258449196488
sulfate,0.18950652679326743
sulfide,0.07258397910057379
