target,fts_mra_tempmz_slope_mzstats_XGB_opt_tr_sfm
basalt,0.17933600429041352
carbonate,0.14513626901567508
chloride,0.20600255486007618
iron_oxide,0.21639833517671064
oxalate,0.021898774323109164
oxychlorine,0.18450462808696458
phyllosilicate,0.23414360152759647
silicate,0.24033111200947976
sulfate,0.18989966617402126
sulfide,0.07226093001655132
