target,fts_mra_tempmz_slope_lrcorrmz4_XGB_opt_tr_sfm
basalt,0.19294483106248175
carbonate,0.10945012515106474
chloride,0.20694247012517614
iron_oxide,0.2216037912918519
oxalate,0.02610677814066692
oxychlorine,0.1770871234730746
phyllosilicate,0.24701749453401986
silicate,0.23292601959797682
sulfate,0.1886324841480432
sulfide,0.0678110150930716
