target,fts_mra_tempmz_maxabun_XGB_opt_tr_sfm
basalt,0.19075883369165658
carbonate,0.1098505360047346
chloride,0.18516617815204767
iron_oxide,0.22696727441132408
oxalate,0.022709960877280534
oxychlorine,0.164397157952123
phyllosilicate,0.24467243849000572
silicate,0.2419506574652328
sulfate,0.20801350318960857
sulfide,0.06749447383956163
