target,fts_mra_tempmz_cntpk_mratt_slope_corrmz4_XGB_opt_sam
basalt,0.15353115939771228
carbonate,0.09374921442022835
chloride,0.17638352004034852
iron_oxide,0.21139083354236243
oxalate,0.01981891712820607
oxychlorine,0.13187859039054226
phyllosilicate,0.2286283610894798
silicate,0.1843785715762959
sulfate,0.17995102727572226
sulfide,0.06963980274599697
