target,fts_mra_tempmz_slope_cntpk_spectra_mzstats_XGB_opt_trV
basalt,0.11840654737113437
carbonate,0.12714795177602192
chloride,0.20598777446998348
iron_oxide,0.2947127843051577
oxalate,0.011463571773919852
oxychlorine,0.1820253666395754
phyllosilicate,0.25410422405749306
silicate,0.1606250202862161
sulfate,0.19037001802420733
sulfide,0.07253753864089164
