target,fts_mz_maxabun_XGB_opt_trvlV
basalt,0.018448399580695662
carbonate,0.013345783113588583
chloride,0.02168524051490383
iron_oxide,0.04304351879731965
oxalate,0.0021971855994986226
oxychlorine,0.020647799468848777
phyllosilicate,0.05154617929611825
silicate,0.024086795976336207
sulfate,0.01831012781897763
sulfide,0.006488583752338746
