target,fts_mass_loss_tempb_XGB_opt_tr
basalt,0.2805911277286539
carbonate,0.229619646660486
chloride,0.28470155681355414
iron_oxide,0.33562402472522884
oxalate,0.04062997488802324
oxychlorine,0.292156927098161
phyllosilicate,0.3791658915638283
silicate,0.28417430464645016
sulfate,0.2725611518823196
sulfide,0.1514577319906878
