target,fts_mra_tempmz_slope_cntpk_spectra_mzstats_XGB_opt_trvl_sfm
basalt,0.1536988863967986
carbonate,0.0916960008054675
chloride,0.17858111224847506
iron_oxide,0.20811590369249192
oxalate,0.015204375559975152
oxychlorine,0.15459995821809996
phyllosilicate,0.23521448577716236
silicate,0.20339738673990482
sulfate,0.16185382990165081
sulfide,0.06855101628087897
