target,fts_corr_mz4_XGB_opt_tr
basalt,0.30989157107016296
carbonate,0.3119704315927664
chloride,0.33705787688307487
iron_oxide,0.4355351843990496
oxalate,0.1079704908146408
oxychlorine,0.44082371521873565
phyllosilicate,0.4889370100337249
silicate,0.37608685116909435
sulfate,0.3495140722600115
sulfide,0.12451133504185566
