target,fts_mra_tempmz_corrmz4_XGB_opt_trvl
basalt,0.1602447640348043
carbonate,0.09223904002530552
chloride,0.17006630018557164
iron_oxide,0.21324494267996696
oxalate,0.016361257052326744
oxychlorine,0.15936539556724852
phyllosilicate,0.24222452165304348
silicate,0.18769404725404404
sulfate,0.17628224788354918
sulfide,0.08351461295571744
