target,fts_topmz_XGB_opt_trvlV
basalt,0.3774401589357151
carbonate,0.4258629587215114
chloride,0.6326651134108647
iron_oxide,0.7302710740308916
oxalate,0.300623991223904
oxychlorine,0.807689968545829
phyllosilicate,1.0608423406976584
silicate,0.42935965230860096
sulfate,0.5914368380382403
sulfide,0.20969238035768625
