target,fts_mra_tempmz_slope_cntpk_XGB_opt_trvl_sfm_V
basalt,0.009510414091609546
carbonate,0.008944431474589688
chloride,0.011196688865510104
iron_oxide,0.017716960856331825
oxalate,0.0022526420466125064
oxychlorine,0.010267096337204348
phyllosilicate,0.017172628656862487
silicate,0.011692012349300963
sulfate,0.011889144271070221
sulfide,0.004421138355616519
