target,fts_mra_tempmz_slope_spectra_XGB_opt_trvl_sfm
basalt,0.14483182561461122
carbonate,0.09498400256775089
chloride,0.1644649390046988
iron_oxide,0.20397795046231376
oxalate,0.013957832736151022
oxychlorine,0.15729570415257038
phyllosilicate,0.24003437515873896
silicate,0.1862790004539161
sulfate,0.17310638880702262
sulfide,0.07886604329313482
