target,fts_mra_tempmz_slope_cntpk_topmz_XGB_opt_tr_sfm
basalt,0.1780724798776086
carbonate,0.10836348299342746
chloride,0.20334342391499835
iron_oxide,0.2326807121425861
oxalate,0.014416813823819477
oxychlorine,0.138765157257241
phyllosilicate,0.22741492188168838
silicate,0.22668238932367735
sulfate,0.19847825412703018
sulfide,0.06632042243038877
