target,fts_topmz_XGB_opt_tr
basalt,0.3389775312243151
carbonate,0.27841883282754376
chloride,0.3407574089649194
iron_oxide,0.4931138797241892
oxalate,0.03922837414900596
oxychlorine,0.3967373381546423
phyllosilicate,0.5396993919646194
silicate,0.35647980524507916
sulfate,0.4315143632308086
sulfide,0.17079386494871387
