basalt,carbonate,chloride,iron_oxide,oxalate,oxychlorine,phyllosilicate,silicate,sulfate,sulfide,overall
0.2767826059088304,0.26125450039338877,0.28429799603250216,0.38246993360871934,0.004059239489521142,0.29915009827872885,0.4074758334090677,0.3516847439265464,0.3447188328713945,0.14713584783404265,0.2759029631752742
0.2615261042107989,0.22292052739226756,0.25846765369554275,0.37216113777026905,0.004914672949143357,0.25263015825669405,0.4112433512412318,0.34987021450556754,0.3228680540360715,0.14532854619106556,0.26019304202486515
0.19665137401195665,0.12102018407547,0.2043376334408594,0.22611550844240597,0.029272685140647313,0.19420209851804687,0.25951556825253963,0.23317893970805786,0.20317408057798922,0.07880694186687044,0.17462750140348432
0.16030390276618628,0.09299784144611556,0.17099937928281922,0.2110446946926557,0.016176140634807434,0.15975673521358977,0.2392929120695717,0.18674152896437207,0.17355651791774612,0.08166643602891402,0.1492536089016778
